module,ordinal,export_name,source
DOSCALLS,1,DOSICREATETHREAD,DOSCALLS.LIB OMF IMPDEF
DOSCALLS,2,DOSCWAIT,DOSCALLS.LIB OMF IMPDEF
DOSCALLS,3,DOSENTERCRITSEC,DOSCALLS.LIB OMF IMPDEF
DOSCALLS,4,DOSIEXECPGM,DOSCALLS.LIB OMF IMPDEF
DOSCALLS,5,DOSEXIT,DOSCALLS.LIB OMF IMPDEF
DOSCALLS,6,DOSEXITCRITSEC,DOSCALLS.LIB OMF IMPDEF
DOSCALLS,7,DOSEXITLIST,DOSCALLS.LIB OMF IMPDEF
DOSCALLS,8,DOSGETINFOSEG,DOSCALLS.LIB OMF IMPDEF
DOSCALLS,9,DOSGETPRTY,DOSCALLS.LIB OMF IMPDEF
DOSCALLS,10,DOSKILLPROCESS,DOSCALLS.LIB OMF IMPDEF
DOSCALLS,11,DOSSETPRTY,DOSCALLS.LIB OMF IMPDEF
DOSCALLS,12,DOSPTRACE,DOSCALLS.LIB OMF IMPDEF
DOSCALLS,13,DOSHOLDSIGNAL,DOSCALLS.LIB OMF IMPDEF
DOSCALLS,14,DOSSETSIGHANDLER,DOSCALLS.LIB OMF IMPDEF
DOSCALLS,15,DOSFLAGPROCESS,DOSCALLS.LIB OMF IMPDEF
DOSCALLS,16,DOSMAKEPIPE,DOSCALLS.LIB OMF IMPDEF
DOSCALLS,17,DOSISYSSEMCLEAR,DOSCALLS.LIB OMF IMPDEF
DOSCALLS,18,DOSISEMREQUEST,DOSCALLS.LIB OMF IMPDEF
DOSCALLS,19,DOSISYSSEMSET,DOSCALLS.LIB OMF IMPDEF
DOSCALLS,20,DOSSEMSETWAIT,DOSCALLS.LIB OMF IMPDEF
DOSCALLS,21,DOSISEMWAIT,DOSCALLS.LIB OMF IMPDEF
DOSCALLS,22,DOSMUXSEMWAIT,DOSCALLS.LIB OMF IMPDEF
DOSCALLS,23,DOSCLOSESEM,DOSCALLS.LIB OMF IMPDEF
DOSCALLS,24,DOSCREATESEM,DOSCALLS.LIB OMF IMPDEF
DOSCALLS,25,DOSOPENSEM,DOSCALLS.LIB OMF IMPDEF
DOSCALLS,26,DOSRESUMETHREAD,DOSCALLS.LIB OMF IMPDEF
DOSCALLS,27,DOSSUSPENDTHREAD,DOSCALLS.LIB OMF IMPDEF
DOSCALLS,28,DOSSETDATETIME,DOSCALLS.LIB OMF IMPDEF
DOSCALLS,29,DOSTIMERASYNC,DOSCALLS.LIB OMF IMPDEF
DOSCALLS,30,DOSTIMERSTART,DOSCALLS.LIB OMF IMPDEF
DOSCALLS,31,DOSTIMERSTOP,DOSCALLS.LIB OMF IMPDEF
DOSCALLS,32,DOSSLEEP,DOSCALLS.LIB OMF IMPDEF
DOSCALLS,33,DOSGETDATETIME,DOSCALLS.LIB OMF IMPDEF
DOSCALLS,34,DOSALLOCSEG,DOSCALLS.LIB OMF IMPDEF
DOSCALLS,35,DOSALLOCSHRSEG,DOSCALLS.LIB OMF IMPDEF
DOSCALLS,36,DOSGETSHRSEG,DOSCALLS.LIB OMF IMPDEF
DOSCALLS,37,DOSGIVESEG,DOSCALLS.LIB OMF IMPDEF
DOSCALLS,38,DOSREALLOCSEG,DOSCALLS.LIB OMF IMPDEF
DOSCALLS,39,DOSFREESEG,DOSCALLS.LIB OMF IMPDEF
DOSCALLS,40,DOSALLOCHUGE,DOSCALLS.LIB OMF IMPDEF
DOSCALLS,41,DOSGETHUGESHIFT,DOSCALLS.LIB OMF IMPDEF
DOSCALLS,42,DOSREALLOCHUGE,DOSCALLS.LIB OMF IMPDEF
DOSCALLS,43,DOSCREATECSALIAS,DOSCALLS.LIB OMF IMPDEF
DOSCALLS,44,DOSLOADMODULE,DOSCALLS.LIB OMF IMPDEF
DOSCALLS,45,DOSGETPROCADDR,DOSCALLS.LIB OMF IMPDEF
DOSCALLS,46,DOSFREEMODULE,DOSCALLS.LIB OMF IMPDEF
DOSCALLS,47,DOSGETMODHANDLE,DOSCALLS.LIB OMF IMPDEF
DOSCALLS,48,DOSGETMODNAME,DOSCALLS.LIB OMF IMPDEF
DOSCALLS,49,DOSGETMACHINEMODE,DOSCALLS.LIB OMF IMPDEF
DOSCALLS,50,DOSBEEP,DOSCALLS.LIB OMF IMPDEF
DOSCALLS,51,DOSCLIACCESS,DOSCALLS.LIB OMF IMPDEF
DOSCALLS,52,DOSDEVCONFIG,DOSCALLS.LIB OMF IMPDEF
DOSCALLS,53,DOSDEVIOCTL,DOSCALLS.LIB OMF IMPDEF
DOSCALLS,54,DOSSGSWITCH,DOSCALLS.LIB OMF IMPDEF
DOSCALLS,55,DOSSGSWITCHME,DOSCALLS.LIB OMF IMPDEF
DOSCALLS,56,DOSBUFRESET,DOSCALLS.LIB OMF IMPDEF
DOSCALLS,57,DOSCHDIR,DOSCALLS.LIB OMF IMPDEF
DOSCALLS,58,DOSCHGFILEPTR,DOSCALLS.LIB OMF IMPDEF
DOSCALLS,59,DOSCLOSE,DOSCALLS.LIB OMF IMPDEF
DOSCALLS,60,DOSDELETE,DOSCALLS.LIB OMF IMPDEF
DOSCALLS,61,DOSDUPHANDLE,DOSCALLS.LIB OMF IMPDEF
DOSCALLS,62,DOSFILELOCKS,DOSCALLS.LIB OMF IMPDEF
DOSCALLS,63,DOSFINDCLOSE,DOSCALLS.LIB OMF IMPDEF
DOSCALLS,64,DOSFINDFIRST,DOSCALLS.LIB OMF IMPDEF
DOSCALLS,65,DOSFINDNEXT,DOSCALLS.LIB OMF IMPDEF
DOSCALLS,66,DOSMKDIR,DOSCALLS.LIB OMF IMPDEF
DOSCALLS,67,DOSMOVE,DOSCALLS.LIB OMF IMPDEF
DOSCALLS,68,DOSNEWSIZE,DOSCALLS.LIB OMF IMPDEF
DOSCALLS,69,DOSPORTACCESS,DOSCALLS.LIB OMF IMPDEF
DOSCALLS,70,DOSOPEN,DOSCALLS.LIB OMF IMPDEF
DOSCALLS,71,DOSQCURDIR,DOSCALLS.LIB OMF IMPDEF
DOSCALLS,72,DOSQCURDISK,DOSCALLS.LIB OMF IMPDEF
DOSCALLS,73,DOSQFHANDSTATE,DOSCALLS.LIB OMF IMPDEF
DOSCALLS,74,DOSQFILEINFO,DOSCALLS.LIB OMF IMPDEF
DOSCALLS,75,DOSQFILEMODE,DOSCALLS.LIB OMF IMPDEF
DOSCALLS,76,DOSQFSINFO,DOSCALLS.LIB OMF IMPDEF
DOSCALLS,77,DOSQHANDTYPE,DOSCALLS.LIB OMF IMPDEF
DOSCALLS,78,DOSQVERIFY,DOSCALLS.LIB OMF IMPDEF
DOSCALLS,79,DOSIREAD,DOSCALLS.LIB OMF IMPDEF
DOSCALLS,80,DOSRMDIR,DOSCALLS.LIB OMF IMPDEF
DOSCALLS,81,DOSSELECTDISK,DOSCALLS.LIB OMF IMPDEF
DOSCALLS,82,DOSSETFHANDSTATE,DOSCALLS.LIB OMF IMPDEF
DOSCALLS,83,DOSSETFILEINFO,DOSCALLS.LIB OMF IMPDEF
DOSCALLS,84,DOSSETFILEMODE,DOSCALLS.LIB OMF IMPDEF
DOSCALLS,85,DOSSETMAXFH,DOSCALLS.LIB OMF IMPDEF
DOSCALLS,86,DOSSETVERIFY,DOSCALLS.LIB OMF IMPDEF
DOSCALLS,87,DOSIWRITE,DOSCALLS.LIB OMF IMPDEF
DOSCALLS,88,DOSSYSTEMSERVICE,DOSCALLS.LIB OMF IMPDEF
DOSCALLS,89,DOSSETVEC,DOSCALLS.LIB OMF IMPDEF
DOSCALLS,90,DOSSYSTRACE,DOSCALLS.LIB OMF IMPDEF
DOSCALLS,91,DOSGETENV,DOSCALLS.LIB OMF IMPDEF
DOSCALLS,92,DOSGETVERSION,DOSCALLS.LIB OMF IMPDEF
DOSCALLS,93,DOSQTRACEINFO,DOSCALLS.LIB OMF IMPDEF
DOSCALLS,94,DOSGETPID,DOSCALLS.LIB OMF IMPDEF
DOSCALLS,95,DOSOPEN2,DOSCALLS.LIB OMF IMPDEF
DOSCALLS,96,DOSLIBINIT,DOSCALLS.LIB OMF IMPDEF
DOSCALLS,97,DOSSETFSINFO,DOSCALLS.LIB OMF IMPDEF
DOSCALLS,98,DOSQPATHINFO,DOSCALLS.LIB OMF IMPDEF
DOSCALLS,99,DOSDEVIOCTL2,DOSCALLS.LIB OMF IMPDEF
DOSCALLS,100,DOSICANONICALIZE,DOSCALLS.LIB OMF IMPDEF
DOSCALLS,101,DOSSETFGND,DOSCALLS.LIB OMF IMPDEF
DOSCALLS,102,DOSSWAPTASKINIT,DOSCALLS.LIB OMF IMPDEF
DOSCALLS,103,DOSREADPHYS,DOSCALLS.LIB OMF IMPDEF
DOSCALLS,104,DOSSETPATHINFO,DOSCALLS.LIB OMF IMPDEF
DOSCALLS,105,DOSSGSWITCHPROC2,DOSCALLS.LIB OMF IMPDEF
DOSCALLS,106,STRUCHECK,DOSCALLS.LIB OMF IMPDEF
DOSCALLS,107,STRURESUPDATE,DOSCALLS.LIB OMF IMPDEF
DOSCALLS,108,GETHEADERS,DOSCALLS.LIB OMF IMPDEF
DOSCALLS,109,DBGETKVAR,DOSCALLS.LIB OMF IMPDEF
DOSCALLS,110,GETSELADDR,DOSCALLS.LIB OMF IMPDEF
DOSCALLS,111,GETADDR,DOSCALLS.LIB OMF IMPDEF
DOSCALLS,112,DBMEMLOCK,DOSCALLS.LIB OMF IMPDEF
DOSCALLS,113,DBMEMUNLOCK,DOSCALLS.LIB OMF IMPDEF
DOSCALLS,114,DBSEGALLOC,DOSCALLS.LIB OMF IMPDEF
DOSCALLS,115,DBMEMREALLOC,DOSCALLS.LIB OMF IMPDEF
DOSCALLS,116,DBMEMFREE,DOSCALLS.LIB OMF IMPDEF
DOSCALLS,117,DBGETOWNER,DOSCALLS.LIB OMF IMPDEF
DOSCALLS,118,DBPHYSINFO,DOSCALLS.LIB OMF IMPDEF
DOSCALLS,119,DOSGETSTDA,DOSCALLS.LIB OMF IMPDEF
DOSCALLS,120,DOSERROR,DOSCALLS.LIB OMF IMPDEF
DOSCALLS,121,DOSGETSEG,DOSCALLS.LIB OMF IMPDEF
DOSCALLS,122,DOSLOCKSEG,DOSCALLS.LIB OMF IMPDEF
DOSCALLS,123,DOSUNLOCKSEG,DOSCALLS.LIB OMF IMPDEF
DOSCALLS,124,DOSSGSWITCHPROC,DOSCALLS.LIB OMF IMPDEF
DOSCALLS,125,DOSIRAMSEMWAKE,DOSCALLS.LIB OMF IMPDEF
DOSCALLS,126,DOSSIZESEG,DOSCALLS.LIB OMF IMPDEF
DOSCALLS,127,DOSMEMAVAIL,DOSCALLS.LIB OMF IMPDEF
DOSCALLS,128,DOSIRAMSEMREQUEST,DOSCALLS.LIB OMF IMPDEF
DOSCALLS,129,DOSPHYSICALDISK,DOSCALLS.LIB OMF IMPDEF
DOSCALLS,130,DOSGETCP,DOSCALLS.LIB OMF IMPDEF
DOSCALLS,131,DOSISETCP,DOSCALLS.LIB OMF IMPDEF
DOSCALLS,132,DOSGLOBALSEG,DOSCALLS.LIB OMF IMPDEF
DOSCALLS,133,DOSPROFILE,DOSCALLS.LIB OMF IMPDEF
DOSCALLS,134,DOSSENDSIGNAL,DOSCALLS.LIB OMF IMPDEF
DOSCALLS,135,DOSHUGESHIFT,DOSCALLS.LIB OMF IMPDEF
DOSCALLS,136,DOSHUGEINCR,DOSCALLS.LIB OMF IMPDEF
DOSCALLS,137,DOSREAD,DOSCALLS.LIB OMF IMPDEF
DOSCALLS,138,DOSWRITE,DOSCALLS.LIB OMF IMPDEF
DOSCALLS,139,DOSERRCLASS,DOSCALLS.LIB OMF IMPDEF
DOSCALLS,140,DOSSEMREQUEST,DOSCALLS.LIB OMF IMPDEF
DOSCALLS,141,DOSSEMCLEAR,DOSCALLS.LIB OMF IMPDEF
DOSCALLS,142,DOSSEMWAIT,DOSCALLS.LIB OMF IMPDEF
DOSCALLS,143,DOSSEMSET,DOSCALLS.LIB OMF IMPDEF
DOSCALLS,144,DOSEXECPGM,DOSCALLS.LIB OMF IMPDEF
DOSCALLS,145,DOSCREATETHREAD,DOSCALLS.LIB OMF IMPDEF
DOSCALLS,146,DOSSUBSET,DOSCALLS.LIB OMF IMPDEF
DOSCALLS,147,DOSSUBALLOC,DOSCALLS.LIB OMF IMPDEF
DOSCALLS,148,DOSSUBFREE,DOSCALLS.LIB OMF IMPDEF
DOSCALLS,149,DOSREADASYNC,DOSCALLS.LIB OMF IMPDEF
DOSCALLS,150,DOSWRITEASYNC,DOSCALLS.LIB OMF IMPDEF
DOSCALLS,151,DOSSEARCHPATH,DOSCALLS.LIB OMF IMPDEF
DOSCALLS,152,DOSSCANENV,DOSCALLS.LIB OMF IMPDEF
DOSCALLS,153,DOSSETCP,DOSCALLS.LIB OMF IMPDEF
DOSCALLS,154,DOSQPROCSTATUS,DOSCALLS.LIB OMF IMPDEF
DOSCALLS,155,DOSGETRESOURCE,DOSCALLS.LIB OMF IMPDEF
DOSCALLS,156,DOSGETPPID,DOSCALLS.LIB OMF IMPDEF
DOSCALLS,157,DOSCALLBACK,DOSCALLS.LIB OMF IMPDEF
DOSCALLS,158,DOSICALLBACK,DOSCALLS.LIB OMF IMPDEF
DOSCALLS,159,DOSRETFORWARD,DOSCALLS.LIB OMF IMPDEF
DOSCALLS,160,DOSR2STACKREALLOC,DOSCALLS.LIB OMF IMPDEF
DOSCALLS,161,DOSFSRAMSEMREQUEST,DOSCALLS.LIB OMF IMPDEF
DOSCALLS,162,DOSFSRAMSEMCLEAR,DOSCALLS.LIB OMF IMPDEF
DOSCALLS,163,DOSQAPPTYPE,DOSCALLS.LIB OMF IMPDEF
DOSCALLS,164,DOSSETPROCCP,DOSCALLS.LIB OMF IMPDEF
DOSCALLS,165,DOSDYNAMICTRACE,DOSCALLS.LIB OMF IMPDEF
DOSCALLS,166,DOSQSYSINFO,DOSCALLS.LIB OMF IMPDEF
DOSCALLS,167,DOSIMAKENMPIPE,DOSCALLS.LIB OMF IMPDEF
DOSCALLS,168,DOSICALLNMPIPE,DOSCALLS.LIB OMF IMPDEF
DOSCALLS,169,DOSICONNECTNMPIPE,DOSCALLS.LIB OMF IMPDEF
DOSCALLS,170,DOSIDISCONNECTNMPIPE,DOSCALLS.LIB OMF IMPDEF
DOSCALLS,171,DOSIPEEKNMPIPE,DOSCALLS.LIB OMF IMPDEF
DOSCALLS,172,DOSIQNMPIPEINFO,DOSCALLS.LIB OMF IMPDEF
DOSCALLS,173,DOSIQNMPHANDSTATE,DOSCALLS.LIB OMF IMPDEF
DOSCALLS,174,DOSISETNMPHANDSTATE,DOSCALLS.LIB OMF IMPDEF
DOSCALLS,175,DOSITRANSACTNMPIPE,DOSCALLS.LIB OMF IMPDEF
DOSCALLS,176,DOSIWAITNMPIPE,DOSCALLS.LIB OMF IMPDEF
DOSCALLS,177,DOSISETNMPIPESEM,DOSCALLS.LIB OMF IMPDEF
DOSCALLS,178,DOSIQNMPIPESEMSTATE,DOSCALLS.LIB OMF IMPDEF
DOSCALLS,179,DOSIRAWREADNMPIPE,DOSCALLS.LIB OMF IMPDEF
DOSCALLS,180,DOSIRAWWRITENMPIPE,DOSCALLS.LIB OMF IMPDEF
DOSCALLS,181,DOSFSATTACH,DOSCALLS.LIB OMF IMPDEF
DOSCALLS,182,DOSQFSATTACH,DOSCALLS.LIB OMF IMPDEF
DOSCALLS,183,DOSFSCTL,DOSCALLS.LIB OMF IMPDEF
DOSCALLS,184,DOSFINDFIRST2,DOSCALLS.LIB OMF IMPDEF
DOSCALLS,185,DOSMKDIR2,DOSCALLS.LIB OMF IMPDEF
DOSCALLS,186,DOSFILEIO,DOSCALLS.LIB OMF IMPDEF
DOSCALLS,187,DOSFINDNOTIFYCLOSE,DOSCALLS.LIB OMF IMPDEF
DOSCALLS,188,DOSFINDNOTIFYFIRST,DOSCALLS.LIB OMF IMPDEF
DOSCALLS,189,DOSFINDNOTIFYNEXT,DOSCALLS.LIB OMF IMPDEF
DOSCALLS,190,DOSSETTRACEINFO,DOSCALLS.LIB OMF IMPDEF
DOSCALLS,191,DOSEDITNAME,DOSCALLS.LIB OMF IMPDEF
DOSCALLS,192,DOSLOGMODE,DOSCALLS.LIB OMF IMPDEF
DOSCALLS,193,DOSLOGENTRY,DOSCALLS.LIB OMF IMPDEF
DOSCALLS,194,DOSGETLOGBUFFER,DOSCALLS.LIB OMF IMPDEF
DOSCALLS,195,DOSLOGREGISTER,DOSCALLS.LIB OMF IMPDEF
DOSCALLS,196,DOSLOGREAD,DOSCALLS.LIB OMF IMPDEF
DOSCALLS,197,DOSFINDFROMNAME,DOSCALLS.LIB OMF IMPDEF
DOSCALLS,198,DOSOPLOCKRELEASE,DOSCALLS.LIB OMF IMPDEF
DOSCALLS,199,DOSOPLOCKWAIT,DOSCALLS.LIB OMF IMPDEF
DOSCALLS,200,DOSICOPY,DOSCALLS.LIB OMF IMPDEF
DOSCALLS,201,DOSCOPY,DOSCALLS.LIB OMF IMPDEF
DOSCALLS,202,DOSIQAPPTYPE,DOSCALLS.LIB OMF IMPDEF
DOSCALLS,204,DOSENUMATTRIBUTE,DOSCALLS.LIB OMF IMPDEF
DOSCALLS,205,DOSOPLOCKSHUTDOWN,DOSCALLS.LIB OMF IMPDEF
DOSCALLS,206,DOSSHUTDOWN,DOSCALLS.LIB OMF IMPDEF
DOSCALLS,207,DOSGETRESOURCE2,DOSCALLS.LIB OMF IMPDEF
DOSCALLS,208,DOSFREERESOURCE,DOSCALLS.LIB OMF IMPDEF
KBDCALLS,1,KBDSETCUSTXT,DOSCALLS.LIB OMF IMPDEF
KBDCALLS,3,KBDGETCP,DOSCALLS.LIB OMF IMPDEF
KBDCALLS,4,KBDCHARIN,DOSCALLS.LIB OMF IMPDEF
KBDCALLS,5,KBDSETCP,DOSCALLS.LIB OMF IMPDEF
KBDCALLS,7,KBDSYNCH,DOSCALLS.LIB OMF IMPDEF
KBDCALLS,8,KBDREGISTER,DOSCALLS.LIB OMF IMPDEF
KBDCALLS,9,KBDSTRINGIN,DOSCALLS.LIB OMF IMPDEF
KBDCALLS,10,KBDGETSTATUS,DOSCALLS.LIB OMF IMPDEF
KBDCALLS,11,KBDSETSTATUS,DOSCALLS.LIB OMF IMPDEF
KBDCALLS,12,KBDGETFOCUS,DOSCALLS.LIB OMF IMPDEF
KBDCALLS,13,KBDFLUSHBUFFER,DOSCALLS.LIB OMF IMPDEF
KBDCALLS,14,KBDXLATE,DOSCALLS.LIB OMF IMPDEF
KBDCALLS,17,KBDCLOSE,DOSCALLS.LIB OMF IMPDEF
KBDCALLS,18,KBDFREEFOCUS,DOSCALLS.LIB OMF IMPDEF
KBDCALLS,20,KBDDEREGISTER,DOSCALLS.LIB OMF IMPDEF
KBDCALLS,21,KBDSETFGND,DOSCALLS.LIB OMF IMPDEF
KBDCALLS,22,KBDPEEK,DOSCALLS.LIB OMF IMPDEF
KBDCALLS,23,KBDOPEN,DOSCALLS.LIB OMF IMPDEF
KBDCALLS,24,KBDGETHWID,DOSCALLS.LIB OMF IMPDEF
MONCALLS,1,DOSMONWRITE,DOSCALLS.LIB OMF IMPDEF
MONCALLS,2,DOSMONREAD,DOSCALLS.LIB OMF IMPDEF
MONCALLS,3,DOSMONCLOSE,DOSCALLS.LIB OMF IMPDEF
MONCALLS,4,DOSMONOPEN,DOSCALLS.LIB OMF IMPDEF
MONCALLS,5,DOSMONREG,DOSCALLS.LIB OMF IMPDEF
MOUCALLS,1,MOUGETPTRSHAPE,DOSCALLS.LIB OMF IMPDEF
MOUCALLS,2,MOUSETPTRSHAPE,DOSCALLS.LIB OMF IMPDEF
MOUCALLS,3,MOUGETNUMMICKEYS,DOSCALLS.LIB OMF IMPDEF
MOUCALLS,4,MOUGETHOTKEY,DOSCALLS.LIB OMF IMPDEF
MOUCALLS,6,MOUGETSCALEFACT,DOSCALLS.LIB OMF IMPDEF
MOUCALLS,7,MOUFLUSHQUE,DOSCALLS.LIB OMF IMPDEF
MOUCALLS,8,MOUGETNUMBUTTONS,DOSCALLS.LIB OMF IMPDEF
MOUCALLS,9,MOUCLOSE,DOSCALLS.LIB OMF IMPDEF
MOUCALLS,10,MOUSETHOTKEY,DOSCALLS.LIB OMF IMPDEF
MOUCALLS,11,MOUSETSCALEFACT,DOSCALLS.LIB OMF IMPDEF
MOUCALLS,13,MOUGETNUMQUEEL,DOSCALLS.LIB OMF IMPDEF
MOUCALLS,14,MOUDEREGISTER,DOSCALLS.LIB OMF IMPDEF
MOUCALLS,15,MOUGETEVENTMASK,DOSCALLS.LIB OMF IMPDEF
MOUCALLS,16,MOUSETEVENTMASK,DOSCALLS.LIB OMF IMPDEF
MOUCALLS,17,MOUOPEN,DOSCALLS.LIB OMF IMPDEF
MOUCALLS,18,MOUREMOVEPTR,DOSCALLS.LIB OMF IMPDEF
MOUCALLS,19,MOUGETPTRPOS,DOSCALLS.LIB OMF IMPDEF
MOUCALLS,20,MOUREADEVENTQUE,DOSCALLS.LIB OMF IMPDEF
MOUCALLS,21,MOUSETPTRPOS,DOSCALLS.LIB OMF IMPDEF
MOUCALLS,22,MOUGETDEVSTATUS,DOSCALLS.LIB OMF IMPDEF
MOUCALLS,23,MOUSYNCH,DOSCALLS.LIB OMF IMPDEF
MOUCALLS,24,MOUREGISTER,DOSCALLS.LIB OMF IMPDEF
MOUCALLS,25,MOUSETDEVSTATUS,DOSCALLS.LIB OMF IMPDEF
MOUCALLS,26,MOUDRAWPTR,DOSCALLS.LIB OMF IMPDEF
MOUCALLS,27,MOUINITREAL,DOSCALLS.LIB OMF IMPDEF
MSG,1,DOSPUTMESSAGE,DOSCALLS.LIB OMF IMPDEF
MSG,2,DOSTRUEGETMESSAGE,DOSCALLS.LIB OMF IMPDEF
MSG,3,DOSINSMESSAGE,DOSCALLS.LIB OMF IMPDEF
NAMPIPES,1,DOSMAKENMPIPE,DOSCALLS.LIB OMF IMPDEF
NAMPIPES,2,DOSQNMPIPEINFO,DOSCALLS.LIB OMF IMPDEF
NAMPIPES,3,DOSCONNECTNMPIPE,DOSCALLS.LIB OMF IMPDEF
NAMPIPES,4,DOSDISCONNECTNMPIPE,DOSCALLS.LIB OMF IMPDEF
NAMPIPES,5,DOSQNMPHANDSTATE,DOSCALLS.LIB OMF IMPDEF
NAMPIPES,6,DOSSETNMPHANDSTATE,DOSCALLS.LIB OMF IMPDEF
NAMPIPES,7,DOSPEEKNMPIPE,DOSCALLS.LIB OMF IMPDEF
NAMPIPES,8,DOSWAITNMPIPE,DOSCALLS.LIB OMF IMPDEF
NAMPIPES,9,DOSTRANSACTNMPIPE,DOSCALLS.LIB OMF IMPDEF
NAMPIPES,10,DOSCALLNMPIPE,DOSCALLS.LIB OMF IMPDEF
NAMPIPES,11,DOSRAWREADNMPIPE,DOSCALLS.LIB OMF IMPDEF
NAMPIPES,12,DOSRAWWRITENMPIPE,DOSCALLS.LIB OMF IMPDEF
NAMPIPES,13,DOSSETNMPIPESEM,DOSCALLS.LIB OMF IMPDEF
NAMPIPES,14,DOSQNMPIPESEMSTATE,DOSCALLS.LIB OMF IMPDEF
NLS,1,DOSCASEMAP,DOSCALLS.LIB OMF IMPDEF
NLS,2,DOSGETCOLLATE,DOSCALLS.LIB OMF IMPDEF
NLS,3,DOSGETCTRYINFO,DOSCALLS.LIB OMF IMPDEF
NLS,4,DOSGETDBCSEV,DOSCALLS.LIB OMF IMPDEF
QUECALLS,1,DOSREADQUEUE,DOSCALLS.LIB OMF IMPDEF
QUECALLS,2,DOSPURGEQUEUE,DOSCALLS.LIB OMF IMPDEF
QUECALLS,3,DOSCLOSEQUEUE,DOSCALLS.LIB OMF IMPDEF
QUECALLS,4,DOSQUERYQUEUE,DOSCALLS.LIB OMF IMPDEF
QUECALLS,5,DOSPEEKQUEUE,DOSCALLS.LIB OMF IMPDEF
QUECALLS,6,DOSWRITEQUEUE,DOSCALLS.LIB OMF IMPDEF
QUECALLS,7,DOSOPENQUEUE,DOSCALLS.LIB OMF IMPDEF
QUECALLS,8,DOSCREATEQUEUE,DOSCALLS.LIB OMF IMPDEF
SESMGR,8,DOSSTOPSESSION,DOSCALLS.LIB OMF IMPDEF
SESMGR,9,DOSSELECTSESSION,DOSCALLS.LIB OMF IMPDEF
SESMGR,14,DOSSETSESSION,DOSCALLS.LIB OMF IMPDEF
SESMGR,17,DOSSTARTSESSION,DOSCALLS.LIB OMF IMPDEF
SESMGR,29,DOSSMREGISTERDD,DOSCALLS.LIB OMF IMPDEF
VIOCALLS,1,VIOENDPOPUP,DOSCALLS.LIB OMF IMPDEF
VIOCALLS,2,VIOGETPHYSBUF,DOSCALLS.LIB OMF IMPDEF
VIOCALLS,3,VIOGETANSI,DOSCALLS.LIB OMF IMPDEF
VIOCALLS,5,VIOSETANSI,DOSCALLS.LIB OMF IMPDEF
VIOCALLS,6,VIODEREGISTER,DOSCALLS.LIB OMF IMPDEF
VIOCALLS,7,VIOSCROLLUP,DOSCALLS.LIB OMF IMPDEF
VIOCALLS,8,VIOPRTSC,DOSCALLS.LIB OMF IMPDEF
VIOCALLS,9,VIOGETCURPOS,DOSCALLS.LIB OMF IMPDEF
VIOCALLS,10,VIOWRTCELLSTR,DOSCALLS.LIB OMF IMPDEF
VIOCALLS,11,VIOPOPUP,DOSCALLS.LIB OMF IMPDEF
VIOCALLS,12,VIOSCROLLRT,DOSCALLS.LIB OMF IMPDEF
VIOCALLS,13,VIOWRTCHARSTR,DOSCALLS.LIB OMF IMPDEF
VIOCALLS,15,VIOSETCURPOS,DOSCALLS.LIB OMF IMPDEF
VIOCALLS,18,VIOSCRUNLOCK,DOSCALLS.LIB OMF IMPDEF
VIOCALLS,19,VIOWRTTTY,DOSCALLS.LIB OMF IMPDEF
VIOCALLS,21,VIOGETMODE,DOSCALLS.LIB OMF IMPDEF
VIOCALLS,22,VIOSETMODE,DOSCALLS.LIB OMF IMPDEF
VIOCALLS,23,VIOSCRLOCK,DOSCALLS.LIB OMF IMPDEF
VIOCALLS,24,VIOREADCELLSTR,DOSCALLS.LIB OMF IMPDEF
VIOCALLS,25,VIOSAVREDRAWWAIT,DOSCALLS.LIB OMF IMPDEF
VIOCALLS,26,VIOWRTNATTR,DOSCALLS.LIB OMF IMPDEF
VIOCALLS,27,VIOGETCURTYPE,DOSCALLS.LIB OMF IMPDEF
VIOCALLS,28,VIOSAVREDRAWUNDO,DOSCALLS.LIB OMF IMPDEF
VIOCALLS,29,VIOGETFONT,DOSCALLS.LIB OMF IMPDEF
VIOCALLS,30,VIOREADCHARSTR,DOSCALLS.LIB OMF IMPDEF
VIOCALLS,31,VIOGETBUF,DOSCALLS.LIB OMF IMPDEF
VIOCALLS,32,VIOSETCURTYPE,DOSCALLS.LIB OMF IMPDEF
VIOCALLS,33,VIOSETFONT,DOSCALLS.LIB OMF IMPDEF
VIOCALLS,35,VIOMODEUNDO,DOSCALLS.LIB OMF IMPDEF
VIOCALLS,37,VIOMODEWAIT,DOSCALLS.LIB OMF IMPDEF
VIOCALLS,40,VIOGETCP,DOSCALLS.LIB OMF IMPDEF
VIOCALLS,42,VIOSETCP,DOSCALLS.LIB OMF IMPDEF
VIOCALLS,43,VIOSHOWBUF,DOSCALLS.LIB OMF IMPDEF
VIOCALLS,44,VIOSCROLLLF,DOSCALLS.LIB OMF IMPDEF
VIOCALLS,45,VIOREGISTER,DOSCALLS.LIB OMF IMPDEF
VIOCALLS,46,VIOGETCONFIG,DOSCALLS.LIB OMF IMPDEF
VIOCALLS,47,VIOSCROLLDN,DOSCALLS.LIB OMF IMPDEF
VIOCALLS,48,VIOWRTCHARSTRATT,DOSCALLS.LIB OMF IMPDEF
VIOCALLS,49,VIOGETSTATE,DOSCALLS.LIB OMF IMPDEF
VIOCALLS,50,VIOPRTSCTOGGLE,DOSCALLS.LIB OMF IMPDEF
VIOCALLS,51,VIOSETSTATE,DOSCALLS.LIB OMF IMPDEF
VIOCALLS,52,VIOWRTNCELL,DOSCALLS.LIB OMF IMPDEF
VIOCALLS,53,VIOWRTNCHAR,DOSCALLS.LIB OMF IMPDEF
